remvoe-,remove-
remvoe:,remove:
remvoe;,remove;
"remvoe,","remove,"
remvoe.,remove.
remvoe ,remove 
Remvoe ,Remove 
fakse-,fake-
fakse:,fake:
fakse;,fake;
"fakse,","fake,"
fakse.,fake.
fakse ,fake 
Fakse ,Fake 
karam-,karma-
karam:,karma:
karam;,karma;
"karam,","karma,"
karam.,karma.
karam ,karma 
Karam ,Karma 
resovle-,resolve-
resovle:,resolve:
resovle;,resolve;
"resovle,","resolve,"
resovle.,resolve.
resovle ,resolve 
Resovle ,Resolve 
adn-,and-
adn:,and:
adn;,and;
"adn,","and,"
adn.,and.
adn ,and 
Adn ,And 
agin-,again-
agin:,again:
agin;,again;
"agin,","again,"
agin.,again.
agin ,again 
Agin ,Again 
alos-,also-
alos:,also:
alos;,also;
"alos,","also,"
alos.,also.
alos ,also 
Alos ,Also 
amzaing-,amazing-
amzaing:,amazing:
amzaing;,amazing;
"amzaing,","amazing,"
amzaing.,amazing.
amzaing ,amazing 
Amzaing ,Amazing 
anf-,and-
anf:,and:
anf;,and;
"anf,","and,"
anf.,and.
anf ,and 
Anf ,And 
anythign-,anything-
anythign:,anything:
anythign;,anything;
"anythign,","anything,"
anythign.,anything.
anythign ,anything 
Anythign ,Anything 
aslo-,also-
aslo:,also:
aslo;,also;
"aslo,","also,"
aslo.,also.
aslo ,also 
Aslo ,Also 
avalibale-,avaliable-
avalibale:,avaliable:
avalibale;,avaliable;
"avalibale,","avaliable,"
avalibale.,avaliable.
avalibale ,avaliable 
Avalibale ,Avaliable 
becuase-,because-
becuase:,because:
becuase;,because;
"becuase,","because,"
becuase.,because.
becuase ,because 
Becuase ,Because 
begining-,beginning-
begining:,beginning:
begining;,beginning;
"begining,","beginning,"
begining.,beginning.
begining ,beginning 
Begining ,Beginning 
cahnged-,changed-
cahnged:,changed:
cahnged;,changed;
"cahnged,","changed,"
cahnged.,changed.
cahnged ,changed 
Cahnged ,Changed 
charater-,character-
charater:,character:
charater;,character;
"charater,","character,"
charater.,character.
charater ,character 
Charater ,Character 
charaters-,characters-
charaters:,characters:
charaters;,characters;
"charaters,","characters,"
charaters.,characters.
charaters ,characters 
Charaters ,Characters 
charcter-,character-
charcter:,character:
charcter;,character;
"charcter,","character,"
charcter.,character.
charcter ,character 
Charcter ,Character 
charcters-,characters-
charcters:,characters:
charcters;,characters;
"charcters,","characters,"
charcters.,characters.
charcters ,characters 
Charcters ,Characters 
chari-,chair-
chari:,chair:
chari;,chair;
"chari,","chair,"
chari.,chair.
chari ,chair 
Chari ,Chair 
charis-,chairs-
charis:,chairs:
charis;,chairs;
"charis,","chairs,"
charis.,chairs.
charis ,chairs 
Charis ,Chairs 
consoel-,console-
consoel:,console:
consoel;,console;
"consoel,","console,"
consoel.,console.
consoel ,console 
Consoel ,Console 
defualt-,default-
defualt:,default:
defualt;,default;
"defualt,","default,"
defualt.,default.
defualt ,default 
Defualt ,Default 
deatail-,detail-
deatail:,detail:
deatail;,detail;
"deatail,","detail,"
deatail.,detail.
deatail ,detail 
Deatail ,Detail 
deatails-,details-
deatails:,details:
deatails;,details;
"deatails,","details,"
deatails.,details.
deatails ,details 
Deatails ,Details 
differnt-,different-
differnt:,different:
differnt;,different;
"differnt,","different,"
differnt.,different.
differnt ,different 
Differnt ,Different 
dooing-,dooing-
dooing:,dooing:
dooing;,dooing;
"dooing,","dooing,"
dooing.,dooing.
dooing ,dooing 
Dooing ,Dooing 
everthing-,everything-
everthing:,everything:
everthing;,everything;
"everthing,","everything,"
everthing.,everything.
everthing ,everything 
Everthing ,Everything 
everythign-,everything-
everythign:,everything:
everythign;,everything;
"everythign,","everything,"
everythign.,everything.
everythign ,everything 
Everythign ,Everything 
exmaple-,example-
exmaple:,example:
exmaple;,example;
"exmaple,","example,"
exmaple.,example.
exmaple ,example 
Exmaple ,Example 
exmaples-,examples-
exmaples:,examples:
exmaples;,examples;
"exmaples,","examples,"
exmaples.,examples.
exmaples ,examples 
Exmaples ,Examples 
gam-,game-
gam:,game:
gam;,game;
"gam,","game,"
gam.,game.
gam ,game 
Gam ,Game 
goin-,going-
goin:,going:
goin;,going;
"goin,","going,"
goin.,going.
goin ,going 
Goin ,Going 
lvoe-,love-
lvoe:,love:
lvoe;,love;
"lvoe,","love,"
lvoe.,love.
lvoe ,love 
Lvoe ,Love 
otehrwise-,otherwise-
otehrwise:,otherwise:
otehrwise;,otherwise;
"otehrwise,","otherwise,"
otehrwise.,otherwise.
otehrwise ,otherwise 
Otehrwise ,Otherwise 
optoins-,options-
optoins:,options:
optoins;,options;
"optoins,","options,"
optoins.,options.
optoins ,options 
Optoins ,Options 
otpions-,options-
otpions:,options:
otpions;,options;
"otpions,","options,"
otpions.,options.
otpions ,options 
Otpions ,Options 
otpoins-,options-
otpoins:,options:
otpoins;,options;
"otpoins,","options,"
otpoins.,options.
otpoins ,options 
Otpoins ,Options 
packge-,package-
packge:,package:
packge;,package;
"packge,","package,"
packge.,package.
packge ,package 
Packge ,Package 
performa-,performs-
performa:,performs:
performa;,performs;
"performa,","performs,"
performa.,performs.
performa ,performs 
Performa ,Performs 
proccessor-,processor-
proccessor:,processor:
proccessor;,processor;
"proccessor,","processor,"
proccessor.,processor.
proccessor ,processor 
Proccessor ,Processor 
pubilc-,public-
pubilc:,public:
pubilc;,public;
"pubilc,","public,"
pubilc.,public.
pubilc ,public 
Pubilc ,Public 
reccommend-,recommend-
reccommend:,recommend:
reccommend;,recommend;
"reccommend,","recommend,"
reccommend.,recommend.
reccommend ,recommend 
Reccommend ,Recommend 
removs-,removes-
removs:,removes:
removs;,removes;
"removs,","removes,"
removs.,removes.
removs ,removes 
Removs ,Removes 
reponse-,response-
reponse:,response:
reponse;,response;
"reponse,","response,"
reponse.,response.
reponse ,response 
Reponse ,Response 
roels-,roles-
roels:,roles:
roels;,roles;
"roels,","roles,"
roels.,roles.
roels ,roles 
Roels ,Roles 
roght-,right-
roght:,right:
roght;,right;
"roght,","right,"
roght.,right.
roght ,right 
Roght ,Right 
satisfactoin-,satisfaction-
satisfactoin:,satisfaction:
satisfactoin;,satisfaction;
"satisfactoin,","satisfaction,"
satisfactoin.,satisfaction.
satisfactoin ,satisfaction 
Satisfactoin ,Satisfaction 
searhc-,search-
searhc:,search:
searhc;,search;
"searhc,","search,"
searhc.,search.
searhc ,search 
Searhc ,Search 
seperate-,separate-
seperate:,separate:
seperate;,separate;
"seperate,","separate,"
seperate.,separate.
seperate ,separate 
Seperate ,Separate 
shoudl-,should-
shoudl:,should:
shoudl;,should;
"shoudl,","should,"
shoudl.,should.
shoudl ,should 
Shoudl ,Should 
somethign-,something-
somethign:,something:
somethign;,something;
"somethign,","something,"
somethign.,something.
somethign ,something 
Somethign ,Something 
startes-,starts-
startes:,starts:
startes;,starts;
"startes,","starts,"
startes.,starts.
startes ,starts 
Startes ,Starts 
stroner-,stronger-
stroner:,stronger:
stroner;,stronger;
"stroner,","stronger,"
stroner.,stronger.
stroner ,stronger 
Stroner ,Stronger 
surevy-,survey-
surevy:,survey:
surevy;,survey;
"surevy,","survey,"
surevy.,survey.
surevy ,survey 
Surevy ,Survey 
taht-,that-
taht:,that:
taht;,that;
"taht,","that,"
taht.,that.
taht ,that 
Taht ,That 
teh-,the-
teh:,the:
teh;,the;
"teh,","the,"
teh.,the.
teh ,the 
Teh ,The 
tehere-,there-
tehere:,there:
tehere;,there;
"tehere,","there,"
tehere.,there.
tehere ,there 
Tehere ,There 
thay-,they-
thay:,they:
thay;,they;
"thay,","they,"
thay.,they.
thay ,they 
Thay ,They 
tpye-,type-
tpye:,type:
tpye;,type;
"tpye,","type,"
tpye.,type.
tpye ,type 
Tpye ,Type 
trak-,track-
trak:,track:
trak;,track;
"trak,","track,"
trak.,track.
trak ,track 
Trak ,Track 
udpate-,update-
udpate:,update:
udpate;,update;
"udpate,","update,"
udpate.,update.
udpate ,update 
Udpate ,Update 
waht-,what-
waht:,what:
waht;,what;
"waht,","what,"
waht.,what.
waht ,what 
Waht ,What 
wahts-,whats-
wahts:,whats:
wahts;,whats;
"wahts,","whats,"
wahts.,whats.
wahts ,whats 
Wahts ,Whats 
wansts-,wants-
wansts:,wants:
wansts;,wants;
"wansts,","wants,"
wansts.,wants.
wansts ,wants 
Wansts ,Wants 
wnt-,want-
wnt:,want:
wnt;,want;
"wnt,","want,"
wnt.,want.
wnt ,want 
Wnt ,Want 
